-1,stop,1201930248.0
1,320.018013512,1201935596.0
-1,stop,1201935611.0
2,154.500003232,1201937714.0
3,334.529627151,1201937717.0
-1,stop,1201937719.0
4,90,1201938634.0
5,270,1201938642.0
-1,stop,1201938654.0
6,213.210392382,1201940824.0
7,33.189554255,1201940829.0
-1,stop,1201940844.0
8,219.827029392,1201953990.0
9,36.355454387,1201953994.0
-1,stop,1201954005.0
10,155.156077369,1201958794.0
11,335.160483901,1201958809.0
-1,stop,1201958814.0
12,208.315201441,1201974004.0
13,28.2921187454,1201974007.0
-1,stop,1201974009.0
14,90,1201982093.0
15,270,1201982097.0
-1,stop,1201982103.0
16,90,1201983111.0
17,270,1201983113.0
-1,stop,1201983118.0
18,251.04303072,1201983253.0
19,65.8565498805,1201983258.0
-1,stop,1201983263.0
20,323.572090745,1201983358.0
21,143.515283673,1201983365.0
-1,stop,1201983368.0
22,285.668748976,1202011653.0
23,105.66497911,1202011663.0
-1,stop,1202011673.0
24,285.691676307,1202011698.0
25,282.575201029,1202011703.0
26,283.782364631,1202011708.0
27,286.418847031,1202011723.0
28,261.343320275,1202011728.0
-1,stop,1202011738.0
29,286.178806768,1202011773.0
-1,stop,1202011778.0
30,156.155630338,1202012005.0
-1,stop,1202012020.0
31,13.4634194471,1202012115.0
-1,stop,1202012120.0
32,198.628023464,1202012205.0
33,148.583622706,1202012210.0
34,328.609676944,1202012214.0
-1,stop,1202012215.0
35,172.622259302,1202012460.0
-1,stop,1202012470.0
36,344.479555914,1202012525.0
-1,stop,1202012535.0
37,84.7424091347,1202012675.0
-1,stop,1202012680.0
38,161.358814179,1202012849.0
-1,stop,1202012879.0
39,80.0061795643,1202012889.0
40,83.5807301748,1202012894.0
41,88.5048059435,1202012899.0
42,90,1202012904.0
43,86.6803108264,1202012909.0
44,88.5894035235,1202012914.0
45,99.5865018186,1202012924.0
-1,stop,1202012934.0
46,182.21868951,1202012974.0
-1,stop,1202012989.0
47,92.4537801038,1202013057.0
48,159.036919135,1202013067.0
-1,stop,1202013077.0
49,265.542617163,1202013187.0
50,273.319554892,1202013197.0
51,278.483033672,1202013202.0
52,342.488708772,1202013207.0
53,348.10082458,1202013212.0
54,352.889812289,1202013217.0
55,359.139238578,1202013222.0
56,1.25413996509,1202013227.0
-1,stop,1202013232.0
57,94.0718215297,1202013307.0
-1,stop,1202013312.0
58,0,1202013347.0
59,357.690654257,1202013352.0
60,343.378316103,1202013357.0
61,355.529447974,1202013362.0
62,352.869656456,1202013367.0
63,352.722734719,1202013372.0
64,352.147608965,1202013377.0
65,351.589161123,1202013382.0
66,351.441241993,1202013387.0
67,350.676356943,1202013392.0
68,352.569897869,1202013397.0
69,353.753717726,1202013402.0
-1,stop,1202013407.0
70,180,1202013412.0
71,175.23941161,1202013417.0
72,173.967377418,1202013422.0
73,173.443878791,1202013427.0
74,172.722788464,1202013432.0
75,173.349611156,1202013437.0
76,174.661823665,1202013442.0
77,175.468061461,1202013447.0
-1,stop,1202013452.0
78,173.101861459,1202013467.0
-1,stop,1202013472.0
79,183.811851427,1202013529.0
-1,stop,1202013534.0
80,174.353648362,1202013569.0
81,173.377880305,1202013574.0
82,175.61838402,1202013579.0
83,178.780683913,1202013584.0
84,174.166600197,1202013589.0
85,167.493841307,1202013594.0
86,171.287245241,1202013599.0
87,184.611367048,1202013604.0
88,178.00521708,1202013609.0
89,180,1202013614.0
-1,stop,1202013619.0
90,184.275309894,1202013629.0
91,167.650925758,1202013634.0
92,168.45125173,1202013639.0
93,169.89577052,1202013644.0
94,177.199811762,1202013649.0
95,176.764465819,1202013654.0
96,167.207609732,1202013684.0
97,167.889805698,1202013689.0
-1,stop,1202013694.0
98,189.112358355,1202013714.0
99,267.550145199,1202013719.0
100,266.387081325,1202013724.0
101,268.220427298,1202013729.0
-1,stop,1202013734.0
102,249.757056889,1202013764.0
103,244.205548359,1202013769.0
104,242.071175168,1202013774.0
-1,stop,1202013784.0
105,209.064957004,1202013889.0
106,167.648426307,1202014089.0
107,165.031555425,1202014094.0
108,170.334195815,1202014099.0
109,168.693320585,1202014104.0
110,167.35634091,1202014109.0
111,166.869483646,1202014119.0
112,168.340445839,1202014124.0
113,183.813050529,1202014129.0
-1,stop,1202014134.0
114,170.333807427,1202014144.0
115,165.466116225,1202014159.0
116,164.425847924,1202014169.0
117,166.530029262,1202014174.0
118,166.86904798,1202014179.0
-1,stop,1202014184.0
119,167.050118119,1202014271.0
120,169.517915708,1202014276.0
-1,stop,1202014281.0
121,166.159442043,1202014286.0
122,171.649910636,1202014291.0
123,166.072333181,1202014296.0
124,161.814393231,1202014301.0
-1,stop,1202014316.0
125,167.647002657,1202014341.0
126,95.4528677708,1202014346.0
127,85.524224138,1202014351.0
128,84.0416984764,1202014356.0
-1,stop,1202014361.0
129,81.4394232916,1202014381.0
-1,stop,1202014391.0
130,178.229648445,1202014401.0
-1,stop,1202014406.0
131,171.883755114,1202014411.0
132,170.236192077,1202014416.0
-1,stop,1202014421.0
133,176.153189413,1202014426.0
134,177.605757874,1202014431.0
135,173.040635988,1202014436.0
136,177.561404364,1202014441.0
137,177.648378249,1202014446.0
-1,stop,1202014456.0
138,90,1202014486.0
-1,stop,1202014491.0
139,95.5638355555,1202014506.0
140,85.4336439488,1202014516.0
141,84.4121217563,1202014521.0
142,82.1812965667,1202014526.0
143,120.503476331,1202014531.0
144,169.472334888,1202014541.0
145,181.15569236,1202014546.0
-1,stop,1202014551.0
146,180,1202014556.0
147,175.040039849,1202014561.0
148,171.364182026,1202014566.0
149,180,1202014571.0
150,177.074260528,1202014581.0
151,175.386363775,1202014586.0
152,173.273405769,1202014591.0
-1,stop,1202014606.0
153,182.743211788,1202014611.0
-1,stop,1202014616.0
154,172.137579757,1202014641.0
155,174.350476924,1202014646.0
156,180,1202014651.0
-1,stop,1202014656.0
157,180.686335956,1202014666.0
158,176.97331586,1202014676.0
-1,stop,1202014681.0
159,173.749476877,1202014691.0
-1,stop,1202014696.0
160,176.134664202,1202014711.0
161,180,1202014716.0
-1,stop,1202014721.0
162,206.238500375,1202014731.0
163,176.129682199,1202014736.0
164,180,1202014741.0
165,180,1202014746.0
-1,stop,1202014751.0
166,180,1202014756.0
167,194.93282757,1202014761.0
-1,stop,1202014766.0
168,178.156129029,1202014991.0
169,182.19557219,1202014996.0
170,179.229286562,1202015001.0
-1,stop,1202015006.0
171,180.336663068,1202015031.0
-1,stop,1202015036.0
172,181.7421102,1202015176.0
173,181.514818608,1202015186.0
-1,stop,1202015191.0
174,179.820646585,1202015301.0
175,178.978201222,1202015306.0
176,180,1202015311.0
177,180.934865888,1202015316.0
178,182.802628418,1202015321.0
179,178.069149644,1202015326.0
180,178.535529852,1202015336.0
-1,stop,1202015341.0
181,177.85933159,1202015441.0
-1,stop,1202015451.0
182,172.525202695,1202015471.0
-1,stop,1202015501.0
183,239.911010095,1202015511.0
-1,stop,1202015516.0
184,186.691122115,1202015596.0
-1,stop,1202015601.0
185,165.501565905,1202016616.0
-1,stop,1202016621.0
186,265.858291837,1202016727.0
187,286.309821313,1202016732.0
188,262.85638827,1202016737.0
189,270,1202016742.0
-1,stop,1202016747.0
190,108.874468984,1202016792.0
-1,stop,1202016797.0
191,88.133653895,1202016877.0
-1,stop,1202016887.0
192,141.225216591,1202016902.0
193,321.336092478,1202016907.0
-1,stop,1202016912.0
194,94.8067737979,1202016967.0
195,90,1202016977.0
196,91.7362188465,1202016982.0
197,94.8067703076,1202016987.0
198,95.6393079287,1202016992.0
199,83.696720167,1202016997.0
200,86.6094066607,1202017002.0
-1,stop,1202017007.0
201,90,1202017037.0
202,87.8672644896,1202017042.0
203,83.9672359686,1202017047.0
204,90,1202017052.0
205,85.193225504,1202017057.0
206,73.5997754037,1202017062.0
207,90,1202017067.0
208,90,1202017072.0
209,100.341458208,1202017077.0
210,90,1202017082.0
211,95.7255002281,1202017087.0
212,87.7033756431,1202017092.0
213,88.573282378,1202017102.0
214,86.5307405039,1202017112.0
215,86.4900250902,1202017117.0
216,87.2017103533,1202017122.0
217,86.2241849153,1202017127.0
218,98.7446633182,1202017132.0
219,86.0234465652,1202017142.0
220,83.3912107274,1202017147.0
221,86.5648907286,1202017152.0
222,77.7991203481,1202017167.0
223,89.0893299957,1202017182.0
224,88.1100212088,1202017187.0
225,87.926425972,1202017192.0
226,87.5529219595,1202017197.0
227,90.5834273639,1202017202.0
228,96.3748115493,1202017212.0
229,99.3818622106,1202017217.0
230,97.9903673245,1202017222.0
231,131.938795272,1202017227.0
232,234.752411712,1202017242.0
233,349.378058788,1202017257.0
234,2.83368403024,1202017267.0
235,12.5213777851,1202017272.0
236,77.287232172,1202017292.0
-1,stop,1202017302.0
237,78.8180203164,1202017472.0
-1,stop,1202017477.0
238,90,1202017487.0
239,71.3283223373,1202017492.0
240,48.27225222,1202017502.0
241,37.4950678002,1202017512.0
242,32.1164130092,1202017517.0
243,13.3580266244,1202017522.0
244,2.14318274129,1202017532.0
245,358.901247405,1202017537.0
246,355.860504971,1202017542.0
247,0,1202017552.0
248,357.559545771,1202017562.0
249,8.18535404911,1202017567.0
250,358.089648948,1202017572.0
251,347.97042044,1202017577.0
-1,stop,1202017582.0
252,2.09211811826,1202017592.0
253,357.072302197,1202017597.0
-1,stop,1202017607.0
254,3.98931280693,1202017612.0
255,1.02205936785,1202017617.0
256,346.519055349,1202017632.0
257,357.255058137,1202017642.0
-1,stop,1202017652.0
258,0.591908860125,1202017662.0
259,23.8288186788,1202017672.0
260,31.5359292746,1202017677.0
-1,stop,1202017682.0
261,349.60581982,1202017741.0
262,357.625709576,1202017751.0
263,3.8578034504,1202017756.0
264,3.81596982469,1202017766.0
265,3.06324392198,1202017771.0
266,0,1202017776.0
267,3.98881540356,1202017781.0
268,358.00317922,1202017786.0
269,350.111255841,1202017791.0
270,348.588181794,1202017796.0
-1,stop,1202017801.0
271,181.830526984,1202017826.0
272,182.927303215,1202017831.0
273,180,1202017836.0
274,178.62688135,1202017841.0
275,181.689832085,1202017851.0
276,183.201278729,1202017856.0
277,186.039487615,1202017871.0
278,182.374297003,1202017876.0
-1,stop,1202017881.0
279,194.938902214,1202017886.0
280,195.585650627,1202017891.0
281,199.222128595,1202017896.0
282,204.714063289,1202017901.0
-1,stop,1202017906.0
283,147.886907885,1202017946.0
284,180,1202017951.0
-1,stop,1202017956.0
285,195.149319272,1202017971.0
286,170.110222833,1202017981.0
287,162.19716287,1202017991.0
288,167.388100731,1202017996.0
289,180,1202018001.0
-1,stop,1202018006.0
290,180.720521351,1202018011.0
291,178.843463335,1202018016.0
292,180,1202018026.0
293,172.713767445,1202018031.0
294,175.30112292,1202018036.0
295,181.046432281,1202018041.0
-1,stop,1202018046.0
296,258.660380578,1202018056.0
297,279.094716725,1202018061.0
298,280.023313017,1202018066.0
299,271.523832289,1202018071.0
300,279.254353726,1202018076.0
-1,stop,1202018081.0
301,1.69008970475,1202018196.0
-1,stop,1202018201.0
302,200.986049576,1202019066.0
-1,stop,1202019071.0
303,265.740158329,1202019141.0
304,270,1202019146.0
305,270,1202019151.0
306,266.142827613,1202019156.0
-1,stop,1202019166.0
307,279.254299313,1202019171.0
308,283.33309816,1202019176.0
309,257.742968499,1202019181.0
310,236.203136559,1202019186.0
311,225.269010604,1202019191.0
312,222.334114981,1202019196.0
313,197.059737757,1202019206.0
314,190.148962591,1202019211.0
315,249.777608592,1202019216.0
-1,stop,1202019221.0
316,265.858155726,1202019231.0
317,202.648011521,1202019236.0
318,180,1202019246.0
319,193.282112045,1202019251.0
-1,stop,1202019256.0
320,261.527226884,1202019276.0
321,263.242247045,1202019281.0
322,279.007985827,1202019286.0
323,274.858886145,1202019293.0
-1,stop,1202019298.0
324,247.134760065,1202019348.0
-1,stop,1202019353.0
325,96.8180403772,1202019428.0
-1,stop,1202019448.0
326,271.866352637,1202019458.0
327,30.7630338092,1202019468.0
328,77.0160772229,1202019478.0
329,89.1316746494,1202019498.0
330,84.4851120239,1202019503.0
331,83.1541736299,1202019508.0
332,79.6329626683,1202019513.0
333,63.7476412439,1202019518.0
334,44.1005720656,1202019523.0
335,24.885583042,1202019558.0
-1,stop,1202019563.0
336,38.4056193424,1202019573.0
337,0,1202019578.0
338,358.002822151,1202019583.0
339,2.09219255054,1202019588.0
340,356.010510773,1202019593.0
-1,stop,1202019598.0
341,355.61306862,1202019603.0
342,357.254906134,1202019608.0
343,0,1202019613.0
344,347.285005982,1202019618.0
345,358.48467288,1202019623.0
346,358.843459959,1202019628.0
347,356.622821028,1202019633.0
348,358.779240025,1202019638.0
349,357.338050351,1202019643.0
350,358.484711562,1202019648.0
351,356.863605574,1202019653.0
352,358.276868481,1202019658.0
353,350.207096905,1202019668.0
354,0,1202019678.0
355,1.46476423911,1202019683.0
356,1.83072459427,1202019688.0
357,1.91025716525,1202019693.0
358,4.08163261876,1202019698.0
-1,stop,1202019713.0
359,355.49544424,1202019723.0
360,9.24184492602,1202019728.0
361,50.4554679139,1202019733.0
-1,stop,1202019738.0
362,18.6502079086,1202019743.0
-1,stop,1202019748.0
363,38.3862541061,1202019878.0
364,87.8667338688,1202019883.0
-1,stop,1202019888.0
365,191.101354428,1202019938.0
-1,stop,1202019943.0
366,80.3490378803,1202019983.0
367,81.2798908146,1202019988.0
368,90,1202019993.0
-1,stop,1202019998.0
369,128.86682568,1202020018.0
-1,stop,1202020023.0
370,135.029433316,1202020229.0
-1,stop,1202020234.0
371,120.414609436,1202020358.0
372,176.238177229,1202020363.0
373,181.830679202,1202020368.0
-1,stop,1202020378.0
374,175.334552146,1202020433.0
375,175.383410483,1202020438.0
376,184.66551836,1202020443.0
377,184.740858782,1202020448.0
378,194.3437737,1202020453.0
-1,stop,1202020458.0
379,174.028048861,1202020463.0
380,159.852324533,1202020473.0
381,159.932514245,1202020478.0
382,160.776282871,1202020483.0
-1,stop,1202020488.0
383,174.522359597,1202020603.0
-1,stop,1202020608.0
384,205.430830792,1202025334.0
-1,stop,1202025339.0
385,51.162930007,1202025454.0
386,10.5704191115,1202025459.0
-1,stop,1202025464.0
387,1.67575238104,1202025474.0
388,359.334059358,1202025479.0
389,355.821349035,1202025484.0
-1,stop,1202025489.0
390,358.934603854,1202025509.0
-1,stop,1202025514.0
391,173.87007899,1202025549.0
-1,stop,1202025554.0
392,1.18774242536,1202025579.0
393,358.582470964,1202025584.0
394,352.524704272,1202025589.0
395,357.466015383,1202025594.0
396,356.342407504,1202025599.0
-1,stop,1202025604.0
397,357.908048148,1202025614.0
-1,stop,1202025624.0
398,328.82089916,1202025716.0
-1,stop,1202025721.0
399,33.3239398175,1202025731.0
-1,stop,1202025736.0
400,114.288372411,1202025796.0
-1,stop,1202025801.0
401,32.2802957395,1202025911.0
402,2.19636839416,1202025916.0
403,4.69823257781,1202025921.0
404,15.027658799,1202025926.0
-1,stop,1202025931.0
405,72.9464006655,1202025946.0
406,86.8906907573,1202025951.0
407,86.6086576388,1202025956.0
408,84.3594416048,1202025961.0
409,72.3605074992,1202025966.0
410,94.5636053273,1202025971.0
411,91.7366053412,1202025976.0
412,91.1490289211,1202025981.0
-1,stop,1202025991.0
413,151.014334214,1202026101.0
-1,stop,1202026106.0
414,175.060161285,1202026291.0
-1,stop,1202026301.0
415,170.066670181,1202026466.0
416,153.161733307,1202026476.0
417,165.830430193,1202026496.0
-1,stop,1202026511.0
418,265.243637841,1202026536.0
-1,stop,1202026541.0
419,271.464151747,1202026556.0
420,272.665504623,1202026561.0
421,272.816146676,1202026566.0
422,271.588700208,1202026571.0
423,266.609054192,1202026576.0
424,271.422337314,1202026581.0
425,270,1202026591.0
426,272.245108737,1202026596.0
427,268.833160017,1202026606.0
428,260.931031859,1202026611.0
429,254.977076875,1202026616.0
430,267.183857838,1202026621.0
-1,stop,1202026651.0
431,261.826320638,1202026716.0
-1,stop,1202026736.0
432,217.916927982,1202026751.0
-1,stop,1202026761.0
433,171.37293988,1202026802.0
-1,stop,1202026807.0
434,270,1202026822.0
435,267.771774064,1202026827.0
436,268.81472129,1202026832.0
437,267.381361996,1202026837.0
438,272.529989449,1202026842.0
-1,stop,1202026847.0
439,265.640999706,1202026952.0
440,265.933224136,1202026962.0
441,265.933225912,1202026967.0
442,266.503583276,1202026972.0
443,267.054587418,1202026977.0
444,253.98384093,1202026982.0
445,280.789081437,1202027017.0
446,251.488072516,1202027032.0
-1,stop,1202027042.0
447,333.495405917,1202027047.0
448,350.227934699,1202027052.0
449,316.583286775,1202027057.0
450,253.258923453,1202027062.0
451,207.883421934,1202027067.0
452,177.005606819,1202027072.0
453,199.294669586,1202027082.0
454,191.456589136,1202027092.0
455,189.218664539,1202027097.0
456,180,1202027102.0
457,179.102922968,1202027112.0
458,187.107214451,1202027127.0
459,222.947941662,1202027162.0
460,272.132511083,1202027177.0
461,275.171495527,1202027182.0
462,273.215262085,1202027187.0
463,274.806276862,1202027197.0
464,268.666802925,1202027202.0
465,265.483772288,1202027207.0
-1,stop,1202027212.0
466,199.766912202,1202027307.0
467,173.744472517,1202027312.0
468,163.384982035,1202027317.0
469,183.658674191,1202027322.0
470,260.514478211,1202027332.0
471,274.656628769,1202027337.0
472,324.780713385,1202027342.0
473,324.690633914,1202027347.0
-1,stop,1202027352.0
474,203.27551176,1202027377.0
475,187.463574617,1202027392.0
476,176.862821332,1202027397.0
477,178.707141132,1202027402.0
478,187.48277024,1202027407.0
-1,stop,1202027419.0
479,263.534734751,1202027422.0
480,252.566578274,1202027437.0
-1,stop,1202027452.0
481,310.112034631,1202027803.0
-1,stop,1202027808.0
482,342.853849364,1202027823.0
-1,stop,1202027833.0
483,43.7439949416,1202027973.0
484,275.447949503,1202027978.0
485,271.148777131,1202027983.0
486,272.815864408,1202027988.0
487,265.378701397,1202027993.0
-1,stop,1202028018.0
488,273.699654959,1202028523.0
489,186.040671508,1202028528.0
-1,stop,1202028533.0
490,81.5794236737,1202028603.0
491,261.571657109,1202028608.0
-1,stop,1202028613.0
492,256.087434427,1202028622.0
493,315.017531024,1202028627.0
494,335.131594064,1202028642.0
495,351.931362863,1202028652.0
496,0,1202028677.0
-1,stop,1202028707.0
497,13.4723875989,1202028742.0
-1,stop,1202028747.0
498,40.8743949954,1202028752.0
499,89.066438643,1202028757.0
-1,stop,1202028787.0
500,83.2413480417,1202028837.0
-1,stop,1202028842.0
501,91.1803671059,1202029012.0
502,94.0307138894,1202029017.0
-1,stop,1202029022.0
503,90,1202029097.0
-1,stop,1202029102.0
504,89.5630331818,1202029943.0
505,90,1202029948.0
506,86.954236113,1202029953.0
507,85.192500722,1202029958.0
-1,stop,1202029963.0
508,100.549373914,1202029978.0
-1,stop,1202029983.0
509,250.8471137,1202030488.0
510,70.8443562118,1202030498.0
-1,stop,1202030503.0
511,227.110313203,1202031198.0
512,47.0832913454,1202031202.0
-1,stop,1202031203.0
513,335.1075919,1202038082.0
514,155.067376245,1202038085.0
-1,stop,1202038092.0
515,71.7993989761,1202042273.0
516,251.805043359,1202042278.0
-1,stop,1202042283.0
517,11.4778157464,1202047353.0
518,191.491949405,1202047357.0
-1,stop,1202047363.0
519,249.113835765,1202047748.0
520,63.6254864942,1202047755.0
-1,stop,1202047758.0
521,270,1202049928.0
522,90,1202049932.0
-1,stop,1202049933.0
523,0,1202050838.0
524,180,1202050842.0
-1,stop,1202050848.0
525,34.9539211169,1202060132.0
526,214.96713677,1202060136.0
-1,stop,1202060137.0
527,24.875533772,1202060987.0
528,204.900682725,1202060992.0
-1,stop,1202060997.0
529,270,1202067252.0
530,90,1202067258.0
-1,stop,1202067262.0
531,180,1202072926.0
532,0,1202072930.0
-1,stop,1202072936.0
533,34.9703135658,1202072946.0
534,214.992889674,1202072947.0
-1,stop,1202072951.0
535,82.2649175791,1202081306.0
536,262.268835103,1202081310.0
-1,stop,1202081311.0
537,0,1202085821.0
538,180,1202085826.0
-1,stop,1202085831.0
539,62.9751121808,1202091437.0
540,242.980729253,1202091442.0
-1,stop,1202091447.0
541,74.2047763284,1202091717.0
-1,stop,1202091722.0
542,254.229858197,1202091727.0
543,74.2247340419,1202091732.0
544,74.397135033,1202091742.0
545,74.2088857213,1202091747.0
546,73.9769831633,1202091752.0
547,74.2838323987,1202091757.0
548,73.9590902243,1202091762.0
-1,stop,1202091767.0
549,74.7710872788,1202091792.0
-1,stop,1202091797.0
550,126.829624149,1202091822.0
551,155.288338359,1202091827.0
552,157.662716176,1202091832.0
553,139.710926566,1202091837.0
-1,stop,1202091842.0
554,72.7474377981,1202092017.0
-1,stop,1202092022.0
555,228.197095318,1202093469.0
556,44.8169383694,1202093473.0
-1,stop,1202093479.0
557,258.985233745,1202100991.0
-1,stop,1202100996.0
558,359.481516641,1202103541.0
-1,stop,1202103551.0
559,0.410620219127,1202103596.0
560,0,1202103601.0
561,3.02730132332,1202103606.0
562,2.92655691785,1202103611.0
-1,stop,1202103621.0
563,358.873573997,1202103651.0
-1,stop,1202103656.0
564,9.53497755028,1202103676.0
-1,stop,1202103681.0
565,87.736972739,1202103752.0
-1,stop,1202103757.0
566,181.285202219,1202103862.0
-1,stop,1202103867.0
567,173.438126743,1202103877.0
568,198.439438746,1202103882.0
-1,stop,1202103887.0
569,192.358538906,1202103892.0
-1,stop,1202103897.0
570,358.941376089,1202103912.0
-1,stop,1202103917.0
571,278.004982862,1202103952.0
572,245.910986806,1202103957.0
-1,stop,1202103962.0
573,139.803243625,1202104195.0
574,319.810919468,1202104198.0
-1,stop,1202104205.0
575,29.9874275553,1202104215.0
576,209.994140291,1202104219.0
-1,stop,1202104225.0
577,286.251051705,1202104710.0
-1,stop,1202104715.0
578,271.479257744,1202104745.0
579,277.81632478,1202104750.0
580,273.471059269,1202104755.0
-1,stop,1202104760.0
581,272.797342266,1202104865.0
-1,stop,1202104870.0
582,268.65091499,1202104930.0
-1,stop,1202104935.0
583,268.918287071,1202105055.0
-1,stop,1202105060.0
584,182.597695127,1202105845.0
-1,stop,1202105850.0
585,168.439606385,1202105860.0
-1,stop,1202105865.0
586,138.488543828,1202105956.0
-1,stop,1202105961.0
587,203.396079803,1202106281.0
588,135.573058837,1202106286.0
589,129.513113606,1202106291.0
590,96.9141684656,1202106296.0
-1,stop,1202106301.0
591,178.37256638,1202106311.0
-1,stop,1202106316.0
592,177.525238702,1202106331.0
593,180,1202106336.0
594,180,1202106341.0
595,180.435196873,1202106346.0
-1,stop,1202106361.0
596,179.654045942,1202106491.0
-1,stop,1202106496.0
597,184.179872772,1202106531.0
-1,stop,1202106536.0
598,6.42663550346,1202106541.0
599,57.71332476,1202106546.0
-1,stop,1202106551.0
600,64.8198571431,1202106561.0
601,63.4762899781,1202106566.0
602,64.6440640264,1202106571.0
-1,stop,1202106581.0
603,323.792795148,1202108013.0
604,0,1202108018.0
605,0,1202108028.0
-1,stop,1202108033.0
606,7.52080436721,1202108073.0
-1,stop,1202108108.0
607,281.484523444,1202108168.0
-1,stop,1202108173.0
608,272.341615435,1202108193.0
-1,stop,1202108198.0
609,267.535651984,1202108228.0
610,273.82408692,1202108233.0
611,273.728758982,1202108238.0
-1,stop,1202108243.0
612,276.757654287,1202108253.0
-1,stop,1202108258.0
613,267.921635472,1202108293.0
-1,stop,1202108298.0
614,355.127589944,1202108308.0
615,4.38716349625,1202108313.0
616,2.31229409455,1202108318.0
-1,stop,1202108323.0
617,359.076636074,1202108363.0
618,270,1202108368.0
619,270,1202108373.0
-1,stop,1202108378.0
620,266.539494922,1202108388.0
621,267.381336429,1202108393.0
622,270,1202108398.0
623,271.406954054,1202108403.0
-1,stop,1202108737.0
624,65.6597432051,1202110603.0
625,245.681967669,1202110609.0
-1,stop,1202110618.0
626,16.1379773297,1202126282.0
627,196.149897825,1202126287.0
-1,stop,1202126292.0
628,90,1202126542.0
629,270,1202126547.0
-1,stop,1202126562.0
630,246.50114345,1202127867.0
-1,stop,1202127872.0
631,66.3649378639,1202127882.0
-1,stop,1202127892.0
632,76.4708689678,1202132392.0
633,256.477257212,1202132397.0
-1,stop,1202132402.0
634,77.5202457901,1202138047.0
635,257.526162898,1202138050.0
-1,stop,1202138052.0
636,246.341038557,1202138127.0
-1,stop,1202138132.0
637,39.5649104916,1202138197.0
-1,stop,1202138202.0
638,284.610678379,1202138582.0
-1,stop,1202138597.0
639,110.04958337,1202138662.0
-1,stop,1202138667.0
640,117.85211597,1202138757.0
-1,stop,1202138762.0
641,284.92805317,1202138797.0
-1,stop,1202138807.0
642,348.32910937,1202138927.0
-1,stop,1202138932.0
643,33.2225191194,1202138962.0
-1,stop,1202138977.0
644,221.543935237,1202139002.0
-1,stop,1202139007.0
645,165.126745488,1202139037.0
-1,stop,1202139042.0
646,0,1202140872.0
647,180,1202140887.0
-1,stop,1202140892.0
648,43.8020135077,1202144331.0
-1,stop,1202144346.0
649,131.881248436,1202144551.0
650,311.932208295,1202144556.0
-1,stop,1202144561.0
651,346.856766105,1202147186.0
-1,stop,1202147196.0
652,181.598095964,1202147206.0
653,2.74532424388,1202147216.0
-1,stop,1202147226.0
654,208.521989681,1202147306.0
-1,stop,1202147311.0
655,16.050999563,1202147316.0
-1,stop,1202147321.0
656,243.17769925,1202150726.0
-1,stop,1202150736.0
657,70.6451619082,1202150741.0
-1,stop,1202150746.0
658,203.034236365,1202152996.0
659,19.5639852667,1202153001.0
-1,stop,1202153006.0
660,85.6189272672,1202156036.0
661,265.619290223,1202156040.0
-1,stop,1202156046.0
662,270,1202156191.0
663,90,1202156196.0
-1,stop,1202156201.0
664,90,1202156751.0
665,270,1202156755.0
-1,stop,1202156766.0
666,109.284220734,1202157231.0
667,289.287068627,1202157236.0
-1,stop,1202157246.0
668,298.660426911,1202162900.0
-1,stop,1202162905.0
669,130.719606627,1202163075.0
-1,stop,1202163080.0
670,284.306212135,1202163545.0
-1,stop,1202163550.0
671,77.7438825243,1202163855.0
-1,stop,1202163860.0
672,265.269243834,1202163865.0
-1,stop,1202163870.0
673,79.2861076953,1202164025.0
-1,stop,1202164030.0
674,267.092916608,1202164060.0
-1,stop,1202164065.0
675,127.101726699,1202166375.0
-1,stop,1202166380.0
676,307.012651952,1202166385.0
-1,stop,1202166395.0
677,307.264222601,1202166435.0
-1,stop,1202166440.0
678,128.24167103,1202166505.0
-1,stop,1202166510.0
679,131.86298061,1202167100.0
-1,stop,1202167105.0
680,121.607327341,1202186959.0
681,301.624595675,1202186963.0
-1,stop,1202186964.0
682,73.4906138624,1202192883.0
683,303.107777051,1202192888.0
684,55.9974257876,1202192893.0
-1,stop,1202192898.0
685,206.175054868,1202193008.0
-1,stop,1202193013.0
686,24.3748485505,1202193908.0
-1,stop,1202193913.0
687,188.181370917,1202193923.0
-1,stop,1202193928.0
688,344.977528892,1202193988.0
-1,stop,1202193993.0
689,270,1202194008.0
690,270,1202194013.0
-1,stop,1202194018.0
691,271.067355343,1202194083.0
692,266.359856983,1202194088.0
693,270,1202194093.0
-1,stop,1202194098.0
694,263.288896986,1202194118.0
695,201.804171357,1202194123.0
-1,stop,1202194133.0
696,178.616529715,1202194143.0
697,176.442347208,1202194148.0
698,200.976788748,1202194158.0
-1,stop,1202194163.0
699,227.859733969,1202194348.0
700,231.785102908,1202194353.0
-1,stop,1202194368.0
701,263.239210286,1202194383.0
702,279.551282019,1202194388.0
-1,stop,1202194393.0
703,195.776264958,1202194398.0
-1,stop,1202194408.0
704,183.192186781,1202194413.0
705,180.620601601,1202194438.0
706,254.872828559,1202194488.0
-1,stop,1202194493.0
707,272.549404823,1202194508.0
708,268.917368837,1202194513.0
709,272.408595147,1202194518.0
710,264.678893324,1202194523.0
711,277.146407111,1202194528.0
712,267.981634177,1202194533.0
713,265.340896628,1202194538.0
714,267.925618595,1202194543.0
715,267.925619201,1202194548.0
716,267.925619806,1202194553.0
717,268.008527393,1202194558.0
718,265.798517881,1202194563.0
719,268.947861146,1202194568.0
720,268.060215892,1202194573.0
721,267.737230958,1202194579.0
722,272.074377469,1202194583.0
723,272.074377773,1202194588.0
-1,stop,1202194593.0
724,282.373123489,1202194993.0
725,257.14506177,1202194998.0
726,198.382056793,1202195003.0
-1,stop,1202195008.0
727,175.871701671,1202195028.0
728,190.853185754,1202195033.0
729,182.582934177,1202195038.0
730,175.129530541,1202195043.0
731,178.485170335,1202195056.0
-1,stop,1202195058.0
732,180,1202195063.0
733,185.574802976,1202195068.0
-1,stop,1202195078.0
734,235.739490339,1202195153.0
735,225.639417578,1202195158.0
-1,stop,1202195163.0
736,275.182906199,1202195178.0
-1,stop,1202195183.0
737,272.445856352,1202195223.0
-1,stop,1202195228.0
738,183.376231712,1202195268.0
739,174.656745626,1202195278.0
740,178.047758696,1202195283.0
741,178.047745876,1202195288.0
742,180,1202195293.0
-1,stop,1202195298.0
743,177.365261736,1202195303.0
744,181.156251616,1202195308.0
745,184.33781387,1202195313.0
746,181.793064423,1202195323.0
747,186.435250188,1202195328.0
748,184.089645661,1202195333.0
-1,stop,1202195343.0
749,237.426805501,1202195533.0
-1,stop,1202195538.0
750,272.018074591,1202195558.0
751,273.497198245,1202195563.0
-1,stop,1202195568.0
752,263.130712735,1202195633.0
753,263.799389611,1202195638.0
754,263.623671214,1202195643.0
-1,stop,1202195648.0
755,266.361043464,1202195653.0
756,265.341601023,1202195668.0
-1,stop,1202195673.0
757,267.014741276,1202195693.0
758,263.437753398,1202195698.0
759,261.75744749,1202195703.0
760,264.359283696,1202195708.0
761,258.778495595,1202195713.0
762,259.449624929,1202195718.0
-1,stop,1202195723.0
763,188.836734802,1202195843.0
764,180.30734658,1202195858.0
-1,stop,1202195878.0
765,179.074731639,1202195963.0
766,181.910351053,1202195968.0
767,180.915644356,1202195973.0
768,180,1202195978.0
-1,stop,1202195988.0
769,264.253722276,1202196178.0
-1,stop,1202196183.0
770,273.535092225,1202196338.0
771,255.070793901,1202196343.0
772,264.335963734,1202196353.0
773,266.075357871,1202196363.0
-1,stop,1202196368.0
774,269.998197046,1202196419.0
775,89.9991799206,1202196424.0
776,288.933346913,1202196429.0
-1,stop,1202196434.0
777,326.596145194,1202196444.0
-1,stop,1202196454.0
778,29.2532239519,1202196869.0
779,209.271111411,1202196872.0
-1,stop,1202196879.0
780,286.061771528,1202196909.0
781,281.631041152,1202196929.0
782,273.792361455,1202196959.0
-1,stop,1202197049.0
783,350.512438135,1202198358.0
784,170.499206679,1202198362.0
-1,stop,1202198363.0
785,98.0818630892,1202205407.0
786,278.082783808,1202205410.0
-1,stop,1202205417.0
787,171.654234824,1202234035.0
788,352.171933021,1202234043.0
-1,stop,1202234045.0
789,90,1202242154.0
790,270,1202242157.0
-1,stop,1202242164.0
791,103.748621147,1202250824.0
792,283.753492797,1202250828.0
-1,stop,1202250829.0
793,73.3647138643,1202255754.0
-1,stop,1202256373.0
794,219.526201934,1202269821.0
-1,stop,1202269826.0
795,152.481336555,1202270190.0
796,150.905633302,1202270195.0
797,153.710358933,1202270200.0
-1,stop,1202270205.0
798,335.330620143,1202270235.0
799,333.093997694,1202270245.0
800,335.110563011,1202270250.0
801,333.107557406,1202270255.0
802,332.651637894,1202270260.0
803,333.299256485,1202270265.0
804,330.86143147,1202270270.0
805,332.266881992,1202270275.0
-1,stop,1202270285.0
806,334.112436218,1202270290.0
807,334.347489102,1202270295.0
808,342.337017863,1202270300.0
809,61.0957230062,1202270305.0
810,62.8090469405,1202270315.0
811,62.0664622576,1202270325.0
812,59.5548496554,1202270330.0
-1,stop,1202270340.0
813,10.4535841961,1202270895.0
814,354.514065338,1202270900.0
815,353.950593256,1202270905.0
816,356.617647384,1202270910.0
817,350.310860979,1202270915.0
818,346.838661891,1202270920.0
819,343.5372718,1202270925.0
-1,stop,1202270930.0
820,63.5878515118,1202271380.0
821,243.692497233,1202271382.0
-1,stop,1202271385.0
822,334.992133904,1202271870.0
-1,stop,1202271875.0
823,346.28840859,1202271965.0
824,67.6543427196,1202271970.0
-1,stop,1202271975.0
825,3.53747779411,1202272320.0
-1,stop,1202272330.0
826,345.469376851,1202272520.0
827,345.645076079,1202272540.0
828,358.603811345,1202272545.0
-1,stop,1202272550.0
829,0,1202272555.0
-1,stop,1202272560.0
830,356.913767098,1202272580.0
831,357.745567969,1202272590.0
832,356.663249347,1202272595.0
833,356.364938266,1202272600.0
834,359.397526009,1202272610.0
835,3.09429576287,1202272615.0
836,3.81879823882,1202272620.0
837,5.80109570366,1202272625.0
838,6.97668875764,1202272630.0
839,6.63383680438,1202272635.0
840,14.1145062051,1202272640.0
841,29.5971064219,1202272645.0
842,39.2707547487,1202272650.0
843,48.7808625584,1202272655.0
844,66.1376815403,1202272660.0
845,80.7504330523,1202272675.0
846,81.1837880811,1202272680.0
847,76.9993348412,1202272685.0
848,85.9055313537,1202272690.0
849,85.2960808727,1202272695.0
850,85.4394574654,1202272700.0
851,84.7368084022,1202272705.0
852,84.8404566296,1202272710.0
853,85.7015370829,1202272715.0
854,86.9247366149,1202272720.0
855,84.5732819283,1202272725.0
856,85.1643091758,1202272730.0
-1,stop,1202272735.0
857,98.0172012769,1202272740.0
858,88.6430366486,1202272745.0
859,90,1202272750.0
860,87.8682138687,1202272755.0
861,85.8601632973,1202272760.0
862,84.6067779497,1202272765.0
-1,stop,1202272770.0
863,85.0435998197,1202272815.0
-1,stop,1202272825.0
864,100.187453184,1202272855.0
-1,stop,1202272860.0
865,59.3658428958,1202272875.0
866,71.0754378217,1202272880.0
867,86.6860156677,1202272885.0
868,97.4229710832,1202272890.0
869,123.448618547,1202272895.0
870,126.235696839,1202272900.0
-1,stop,1202272905.0
871,337.664607051,1202273025.0
872,352.534677663,1202273030.0
873,354.900218164,1202273035.0
874,353.867170493,1202273040.0
875,6.56716905842,1202273045.0
-1,stop,1202273050.0
876,88.0361994794,1202273140.0
-1,stop,1202273150.0
877,90,1202275770.0
878,270,1202275773.0
-1,stop,1202275775.0
879,92.1319767614,1202280445.0
880,109.562672083,1202280450.0
-1,stop,1202280455.0
881,302.120283444,1202281110.0
-1,stop,1202281115.0
882,187.767364869,1202284429.0
-1,stop,1202284434.0
883,308.806093688,1202284489.0
884,357.364259998,1202284494.0
885,1.3734744667,1202284499.0
886,15.4403825228,1202284504.0
887,14.8444981947,1202284509.0
888,18.72694785,1202284514.0
889,44.5088287152,1202284519.0
890,70.0967817471,1202284524.0
891,66.5164546516,1202284529.0
-1,stop,1202284534.0
892,3.25263857533,1202284554.0
893,357.416010105,1202284559.0
894,0,1202284564.0
-1,stop,1202284569.0
895,331.762395803,1202284599.0
896,297.074041409,1202284604.0
897,292.731980901,1202284609.0
898,286.041301709,1202284614.0
899,268.977065474,1202284619.0
900,261.353335916,1202284624.0
901,249.394048461,1202284629.0
902,218.789995114,1202284634.0
903,177.072050979,1202284639.0
-1,stop,1202284644.0
904,174.739896481,1202284669.0
905,177.072021125,1202284674.0
906,154.381856059,1202284679.0
907,237.238046589,1202284684.0
908,2.19686224909,1202284754.0
-1,stop,1202284764.0
909,351.91361469,1202286599.0
-1,stop,1202286609.0
910,162.272066097,1202286879.0
-1,stop,1202286884.0
911,345.590107932,1202287155.0
912,346.857162251,1202287159.0
913,164.716894588,1202287164.0
914,164.621675218,1202287169.0
915,164.676617029,1202287174.0
916,164.287865901,1202287179.0
-1,stop,1202287184.0
917,348.018975432,1202287294.0
918,347.834396699,1202287299.0
919,348.276380374,1202287304.0
920,348.622434093,1202287309.0
921,348.27678624,1202287314.0
922,348.13030352,1202287319.0
-1,stop,1202287329.0
923,167.389328118,1202287504.0
-1,stop,1202287509.0
924,357.254674554,1202287959.0
-1,stop,1202287964.0
925,88.2288294531,1202287979.0
926,268.225464241,1202287984.0
-1,stop,1202287989.0
927,10.1626703473,1202288169.0
-1,stop,1202288174.0
928,184.082264881,1202288204.0
-1,stop,1202288214.0
929,216.495038093,1202288459.0
930,184.387310787,1202288464.0
-1,stop,1202288469.0
931,15.3234724597,1202288569.0
-1,stop,1202288574.0
932,54.3140714717,1202289609.0
-1,stop,1202289614.0
933,222.832531293,1202289629.0
-1,stop,1202289634.0
934,226.068696488,1202289899.0
-1,stop,1202289904.0
935,56.1208350781,1202290039.0
-1,stop,1202290044.0
936,30.6195417541,1202290569.0
-1,stop,1202290574.0
937,56.9077611702,1202290814.0
938,238.062151907,1202290819.0
-1,stop,1202290824.0
939,229.457948331,1202295559.0
-1,stop,1202295564.0
940,117.852015829,1202296124.0
-1,stop,1202296129.0
941,171.139774573,1202297089.0
942,351.687016553,1202297094.0
-1,stop,1202297099.0
943,112.161577722,1202300284.0
-1,stop,1202300289.0
944,189.891238669,1202302398.0
-1,stop,1202302403.0
945,268.085866673,1202303608.0
-1,stop,1202303613.0
946,99.0316290286,1202304463.0
-1,stop,1202304468.0
947,203.08561181,1202308283.0
-1,stop,1202308288.0
948,325.835309573,1202309033.0
-1,stop,1202309038.0
949,139.959767979,1202309108.0
-1,stop,1202309113.0
950,322.503684614,1202309193.0
-1,stop,1202309198.0
951,144.610156449,1202309263.0
-1,stop,1202309268.0
952,97.4260384417,1202309968.0
-1,stop,1202309978.0
953,14.3454253567,1202310018.0
-1,stop,1202310023.0
954,200.987503324,1202310668.0
-1,stop,1202310673.0
955,78.9376695449,1202313873.0
-1,stop,1202313878.0
956,178.626541759,1202318703.0
-1,stop,1202318708.0
957,357.687626365,1202318723.0
-1,stop,1202318728.0
958,8.18611875373,1202319088.0
-1,stop,1202319093.0
959,190.857904245,1202319188.0
-1,stop,1202319193.0
960,359.06478927,1202319203.0
-1,stop,1202319208.0
961,174.027303922,1202319253.0
-1,stop,1202319263.0
962,197.060858565,1202319907.0
-1,stop,1202319912.0
963,5.76453196689,1202319917.0
-1,stop,1202319922.0
964,314.349570308,1202320312.0
-1,stop,1202320322.0
965,114.961918131,1202320362.0
-1,stop,1202320367.0
966,312.463358432,1202320602.0
-1,stop,1202320607.0
967,47.2195547685,1202323352.0
968,227.331346705,1202323357.0
-1,stop,1202323362.0
969,225.534598756,1202328437.0
970,45.4456046173,1202328457.0
-1,stop,1202328467.0
971,40.2191707364,1202328787.0
972,220.438183781,1202328792.0
-1,stop,1202328802.0
973,164.684405621,1202352451.0
-1,stop,1202352456.0
974,34.5283473815,1202352461.0
975,343.991787405,1202352466.0
-1,stop,1202352471.0
976,157.057192884,1202352476.0
-1,stop,1202352486.0
977,164.741019942,1202352491.0
978,171.207222704,1202352496.0
979,173.643203663,1202352506.0
980,172.710902872,1202352511.0
981,152.108486676,1202352516.0
982,158.599915417,1202352521.0
983,159.006426491,1202352526.0
984,134.838438771,1202352531.0
-1,stop,1202352536.0
985,56.9160706684,1202352546.0
986,359.083985935,1202352551.0
987,2.39707696012,1202352556.0
988,33.974493096,1202352561.0
989,56.5014041503,1202352566.0
990,54.4069490854,1202352571.0
991,59.8489898119,1202352576.0
992,64.4210803168,1202352581.0
-1,stop,1202352586.0
993,75.7821999451,1202352591.0
-1,stop,1202352596.0
994,331.334028694,1202352641.0
-1,stop,1202363412.0
995,203.17947531,1202376842.0
996,19.7002666845,1202376846.0
-1,stop,1202376847.0
997,62.1911677301,1202380576.0
998,242.21389313,1202380578.0
-1,stop,1202380581.0
999,90,1202383106.0
-1,stop,1202383111.0
1000,269.131707078,1202383116.0
-1,stop,1202383121.0
1001,85.6156971926,1202383151.0
-1,stop,1202383156.0
1002,266.023521171,1202383161.0
-1,stop,1202383166.0
1003,83.8010523724,1202383196.0
-1,stop,1202383201.0
1004,254.298064139,1202383216.0
-1,stop,1202383221.0
1005,81.0222100427,1202383231.0
-1,stop,1202383236.0
1006,265.223983949,1202383246.0
-1,stop,1202383251.0
1007,249.574788722,1202383871.0
-1,stop,1202383876.0
1008,75.3893522281,1202383881.0
-1,stop,1202383886.0
1009,287.049843817,1202389381.0
-1,stop,1202389386.0
1010,106.285208075,1202389486.0
-1,stop,1202389491.0
1011,8.48494148203,1202390461.0
-1,stop,1202390466.0
1012,202.541349427,1202393350.0
-1,stop,1202393355.0
1013,271.357539092,1202393410.0
-1,stop,1202393415.0
1014,62.1855260727,1202393430.0
-1,stop,1202393435.0
1015,24.7182999688,1202394110.0
-1,stop,1202394115.0
1016,289.90302291,1202394145.0
1017,68.4930356802,1202394150.0
-1,stop,1202394155.0
1018,152.302967425,1202394710.0
-1,stop,1202394715.0
1019,152.024565384,1202395130.0
-1,stop,1202395135.0
1020,71.9753377056,1202410100.0
1021,252.020875628,1202410104.0
-1,stop,1202410105.0
1022,123.552753835,1202414474.0
1023,303.575467321,1202414478.0
-1,stop,1202414484.0
1024,270,1202414774.0
1025,90,1202414775.0
-1,stop,1202414784.0
1026,67.7603989546,1202414909.0
1027,247.83407243,1202414914.0
-1,stop,1202414919.0
1028,90,1202415024.0
1029,270,1202415029.0
-1,stop,1202415034.0
1030,57.7839892981,1202415589.0
1031,237.819922803,1202415593.0
-1,stop,1202415599.0
1032,90,1202416124.0
1033,270,1202416129.0
-1,stop,1202416134.0
1034,0,1202416244.0
1035,180,1202416249.0
-1,stop,1202416254.0
1036,331.276396506,1202440648.0
-1,stop,1202440653.0
1037,193.853265265,1202440658.0
-1,stop,1202440663.0
1038,76.0905345284,1202447388.0
1039,256.097959873,1202447392.0
-1,stop,1202447393.0
1040,270,1202449537.0
1041,90,1202449542.0
-1,stop,1202449547.0
1042,108.200828769,1202450372.0
1043,288.210265215,1202450377.0
-1,stop,1202450382.0
1044,103.804136654,1202452852.0
1045,283.805709377,1202452857.0
-1,stop,1202452862.0
1046,78.4593352195,1202454517.0
1047,258.464016663,1202454522.0
-1,stop,1202454527.0
1048,90,1202460602.0
1049,270,1202460606.0
-1,stop,1202460612.0
